<annotation>
<folder>images</folder>
  <filename>green_36.jpg</filename>
  <path>C:\Users\AustinYan\Documents\science project\Dataset_400_300\Dataset_400_300\green_36.jpg</path>
  <source>
    <database>Unknown</database>
  </source>
  <size>
    <width>400</width>
    <height>300</height>
    <depth>3</depth>
  </size>
  <segmented>0</segmented>
  <object>
    <name>Ripe Strawberry</name>
    <pose>Unspecified</pose>
    <truncated>0</truncated>
    <difficult>0</difficult>
    <bndbox>
      <xmin>62</xmin>
      <ymin>58</ymin>
      <xmax>101</xmax>
      <ymax>90</ymax>
    </bndbox>
  </object>
  <object>
    <name>Ripe Strawberry</name>
    <pose>Unspecified</pose>
    <truncated>0</truncated>
    <difficult>0</difficult>
    <bndbox>
      <xmin>151</xmin>
      <ymin>71</ymin>
      <xmax>201</xmax>
      <ymax>126</ymax>
    </bndbox>
  </object>
  <object>
    <name>Green Strawberry</name>
    <pose>Unspecified</pose>
    <truncated>0</truncated>
    <difficult>0</difficult>
    <bndbox>
      <xmin>173</xmin>
      <ymin>48</ymin>
      <xmax>217</xmax>
      <ymax>87</ymax>
    </bndbox>
  </object>
  <object>
    <name>Green Strawberry</name>
    <pose>Unspecified</pose>
    <truncated>0</truncated>
    <difficult>0</difficult>
    <bndbox>
      <xmin>222</xmin>
      <ymin>57</ymin>
      <xmax>242</xmax>
      <ymax>85</ymax>
    </bndbox>
  </object>
  <object>
    <name>Green Strawberry</name>
    <pose>Unspecified</pose>
    <truncated>0</truncated>
    <difficult>0</difficult>
    <bndbox>
      <xmin>29</xmin>
      <ymin>80</ymin>
      <xmax>58</xmax>
      <ymax>119</ymax>
    </bndbox>
  </object>
  <object>
    <name>Ripe Strawberry</name>
    <pose>Unspecified</pose>
    <truncated>0</truncated>
    <difficult>0</difficult>
    <bndbox>
      <xmin>264</xmin>
      <ymin>69</ymin>
      <xmax>311</xmax>
      <ymax>105</ymax>
    </bndbox>
  </object>
  <object>
    <name>Ripe Strawberry</name>
    <pose>Unspecified</pose>
    <truncated>0</truncated>
    <difficult>0</difficult>
    <bndbox>
      <xmin>311</xmin>
      <ymin>136</ymin>
      <xmax>340</xmax>
      <ymax>167</ymax>
    </bndbox>
  </object>
  <object>
    <name>Ripe Strawberry</name>
    <pose>Unspecified</pose>
    <truncated>0</truncated>
    <difficult>0</difficult>
    <bndbox>
      <xmin>344</xmin>
      <ymin>112</ymin>
      <xmax>392</xmax>
      <ymax>168</ymax>
    </bndbox>
  </object>
</annotation>
