<annotation>
<folder>images</folder>
  <filename>green_60.jpg</filename>
  <path>C:\Users\AustinYan\Documents\science project\Dataset_400_300\Dataset_400_300\green_60.jpg</path>
  <source>
    <database>Unknown</database>
  </source>
  <size>
    <width>400</width>
    <height>300</height>
    <depth>3</depth>
  </size>
  <segmented>0</segmented>
  <object>
    <name>Green Strawberry</name>
    <pose>Unspecified</pose>
    <truncated>0</truncated>
    <difficult>0</difficult>
    <bndbox>
      <xmin>22</xmin>
      <ymin>103</ymin>
      <xmax>104</xmax>
      <ymax>172</ymax>
    </bndbox>
  </object>
  <object>
    <name>Ripe Strawberry</name>
    <pose>Unspecified</pose>
    <truncated>0</truncated>
    <difficult>0</difficult>
    <bndbox>
      <xmin>247</xmin>
      <ymin>35</ymin>
      <xmax>387</xmax>
      <ymax>170</ymax>
    </bndbox>
  </object>
  <object>
    <name>Ripe Strawberry</name>
    <pose>Unspecified</pose>
    <truncated>0</truncated>
    <difficult>0</difficult>
    <bndbox>
      <xmin>169</xmin>
      <ymin>101</ymin>
      <xmax>262</xmax>
      <ymax>198</ymax>
    </bndbox>
  </object>
  <object>
    <name>Ripe Strawberry</name>
    <pose>Unspecified</pose>
    <truncated>0</truncated>
    <difficult>0</difficult>
    <bndbox>
      <xmin>234</xmin>
      <ymin>191</ymin>
      <xmax>321</xmax>
      <ymax>255</ymax>
    </bndbox>
  </object>
  <object>
    <name>Ripe Strawberry</name>
    <pose>Unspecified</pose>
    <truncated>0</truncated>
    <difficult>0</difficult>
    <bndbox>
      <xmin>203</xmin>
      <ymin>236</ymin>
      <xmax>296</xmax>
      <ymax>300</ymax>
    </bndbox>
  </object>
</annotation>
