<annotation>
<folder>images</folder>
	<filename>IMG_5246.JPG</filename>
	<path>/Users/svetlio/Documents/Alex_8th_Science/Berry/Rotten2_Resized/IMG_5246.JPG</path>
	<source>
		<database>Unknown</database>
	</source>
	<size>
		<width>400</width>
		<height>300</height>
		<depth>3</depth>
	</size>
	<segmented>0</segmented>
	<object>
		<name>Bad Strawberry</name>
		<pose>Unspecified</pose>
		<truncated>0</truncated>
		<difficult>0</difficult>
		<bndbox>
			<xmin>157</xmin>
			<ymin>94</ymin>
			<xmax>204</xmax>
			<ymax>148</ymax>
		</bndbox>
	</object>
	<object>
		<name>Bad Strawberry</name>
		<pose>Unspecified</pose>
		<truncated>0</truncated>
		<difficult>0</difficult>
		<bndbox>
			<xmin>239</xmin>
			<ymin>109</ymin>
			<xmax>303</xmax>
			<ymax>163</ymax>
		</bndbox>
	</object>
	<object>
		<name>Bad Strawberry</name>
		<pose>Unspecified</pose>
		<truncated>0</truncated>
		<difficult>0</difficult>
		<bndbox>
			<xmin>224</xmin>
			<ymin>160</ymin>
			<xmax>280</xmax>
			<ymax>217</ymax>
		</bndbox>
	</object>
</annotation>
