<annotation>
<folder>images</folder>
	<filename>IMG_5382.JPG</filename>
	<path>/Users/svetlio/Documents/Alex_8th_Science/Berry/Rotten2_Resized/IMG_5382.JPG</path>
	<source>
		<database>Unknown</database>
	</source>
	<size>
		<width>400</width>
		<height>300</height>
		<depth>3</depth>
	</size>
	<segmented>0</segmented>
	<object>
		<name>Bad Strawberry</name>
		<pose>Unspecified</pose>
		<truncated>0</truncated>
		<difficult>0</difficult>
		<bndbox>
			<xmin>219</xmin>
			<ymin>207</ymin>
			<xmax>253</xmax>
			<ymax>239</ymax>
		</bndbox>
	</object>
	<object>
		<name>Bad Strawberry</name>
		<pose>Unspecified</pose>
		<truncated>0</truncated>
		<difficult>0</difficult>
		<bndbox>
			<xmin>232</xmin>
			<ymin>148</ymin>
			<xmax>266</xmax>
			<ymax>183</ymax>
		</bndbox>
	</object>
	<object>
		<name>Ripe Strawberry</name>
		<pose>Unspecified</pose>
		<truncated>0</truncated>
		<difficult>0</difficult>
		<bndbox>
			<xmin>182</xmin>
			<ymin>144</ymin>
			<xmax>224</xmax>
			<ymax>193</ymax>
		</bndbox>
	</object>
</annotation>
