<annotation>
<folder>images</folder>
	<filename>IMG_5277.JPG</filename>
	<path>/Users/svetlio/Documents/Alex_8th_Science/Berry/Rotten2_Resized/IMG_5277.JPG</path>
	<source>
		<database>Unknown</database>
	</source>
	<size>
		<width>400</width>
		<height>300</height>
		<depth>3</depth>
	</size>
	<segmented>0</segmented>
	<object>
		<name>Bad Strawberry</name>
		<pose>Unspecified</pose>
		<truncated>0</truncated>
		<difficult>0</difficult>
		<bndbox>
			<xmin>170</xmin>
			<ymin>147</ymin>
			<xmax>208</xmax>
			<ymax>178</ymax>
		</bndbox>
	</object>
	<object>
		<name>Bad Strawberry</name>
		<pose>Unspecified</pose>
		<truncated>0</truncated>
		<difficult>0</difficult>
		<bndbox>
			<xmin>184</xmin>
			<ymin>81</ymin>
			<xmax>221</xmax>
			<ymax>120</ymax>
		</bndbox>
	</object>
	<object>
		<name>Bad Strawberry</name>
		<pose>Unspecified</pose>
		<truncated>0</truncated>
		<difficult>0</difficult>
		<bndbox>
			<xmin>230</xmin>
			<ymin>132</ymin>
			<xmax>267</xmax>
			<ymax>172</ymax>
		</bndbox>
	</object>
	<object>
		<name>Bad Strawberry</name>
		<pose>Unspecified</pose>
		<truncated>0</truncated>
		<difficult>0</difficult>
		<bndbox>
			<xmin>243</xmin>
			<ymin>180</ymin>
			<xmax>275</xmax>
			<ymax>211</ymax>
		</bndbox>
	</object>
	<object>
		<name>Bad Strawberry</name>
		<pose>Unspecified</pose>
		<truncated>0</truncated>
		<difficult>0</difficult>
		<bndbox>
			<xmin>270</xmin>
			<ymin>141</ymin>
			<xmax>308</xmax>
			<ymax>174</ymax>
		</bndbox>
	</object>
	<object>
		<name>Ripe Strawberry</name>
		<pose>Unspecified</pose>
		<truncated>0</truncated>
		<difficult>0</difficult>
		<bndbox>
			<xmin>244</xmin>
			<ymin>86</ymin>
			<xmax>279</xmax>
			<ymax>122</ymax>
		</bndbox>
	</object>
	<object>
		<name>Ripe Strawberry</name>
		<pose>Unspecified</pose>
		<truncated>0</truncated>
		<difficult>0</difficult>
		<bndbox>
			<xmin>218</xmin>
			<ymin>50</ymin>
			<xmax>254</xmax>
			<ymax>87</ymax>
		</bndbox>
	</object>
</annotation>
