<annotation>
<folder>images</folder>
	<filename>IMG_5268.JPG</filename>
	<path>/Users/svetlio/Documents/Alex_8th_Science/Berry/Rotten2_Resized/IMG_5268.JPG</path>
	<source>
		<database>Unknown</database>
	</source>
	<size>
		<width>400</width>
		<height>300</height>
		<depth>3</depth>
	</size>
	<segmented>0</segmented>
	<object>
		<name>Ripe Strawberry</name>
		<pose>Unspecified</pose>
		<truncated>0</truncated>
		<difficult>0</difficult>
		<bndbox>
			<xmin>238</xmin>
			<ymin>106</ymin>
			<xmax>284</xmax>
			<ymax>157</ymax>
		</bndbox>
	</object>
	<object>
		<name>Bad Strawberry</name>
		<pose>Unspecified</pose>
		<truncated>0</truncated>
		<difficult>0</difficult>
		<bndbox>
			<xmin>155</xmin>
			<ymin>98</ymin>
			<xmax>212</xmax>
			<ymax>151</ymax>
		</bndbox>
	</object>
	<object>
		<name>Bad Strawberry</name>
		<pose>Unspecified</pose>
		<truncated>0</truncated>
		<difficult>0</difficult>
		<bndbox>
			<xmin>208</xmin>
			<ymin>168</ymin>
			<xmax>257</xmax>
			<ymax>206</ymax>
		</bndbox>
	</object>
</annotation>
