<annotation>
<folder>images</folder>
	<filename>IMG_5288.JPG</filename>
	<path>/Users/svetlio/Documents/Alex_8th_Science/Berry/Rotten2_Resized/IMG_5288.JPG</path>
	<source>
		<database>Unknown</database>
	</source>
	<size>
		<width>400</width>
		<height>300</height>
		<depth>3</depth>
	</size>
	<segmented>0</segmented>
	<object>
		<name>Bad Strawberry</name>
		<pose>Unspecified</pose>
		<truncated>0</truncated>
		<difficult>0</difficult>
		<bndbox>
			<xmin>184</xmin>
			<ymin>124</ymin>
			<xmax>226</xmax>
			<ymax>172</ymax>
		</bndbox>
	</object>
	<object>
		<name>Bad Strawberry</name>
		<pose>Unspecified</pose>
		<truncated>0</truncated>
		<difficult>0</difficult>
		<bndbox>
			<xmin>257</xmin>
			<ymin>117</ymin>
			<xmax>291</xmax>
			<ymax>159</ymax>
		</bndbox>
	</object>
	<object>
		<name>Bad Strawberry</name>
		<pose>Unspecified</pose>
		<truncated>0</truncated>
		<difficult>0</difficult>
		<bndbox>
			<xmin>231</xmin>
			<ymin>63</ymin>
			<xmax>265</xmax>
			<ymax>104</ymax>
		</bndbox>
	</object>
</annotation>
