<annotation>
<folder>images</folder>
  <filename>mixed_9.jpg</filename>
  <path>C:\Users\AustinYan\Documents\science project\Dataset_400_300\Dataset_400_300\mixed_9.jpg</path>
  <source>
    <database>Unknown</database>
  </source>
  <size>
    <width>400</width>
    <height>300</height>
    <depth>3</depth>
  </size>
  <segmented>0</segmented>
  <object>
    <name>Green Strawberry</name>
    <pose>Unspecified</pose>
    <truncated>0</truncated>
    <difficult>0</difficult>
    <bndbox>
      <xmin>37</xmin>
      <ymin>209</ymin>
      <xmax>95</xmax>
      <ymax>264</ymax>
    </bndbox>
  </object>
  <object>
    <name>Green Strawberry</name>
    <pose>Unspecified</pose>
    <truncated>0</truncated>
    <difficult>0</difficult>
    <bndbox>
      <xmin>115</xmin>
      <ymin>198</ymin>
      <xmax>172</xmax>
      <ymax>275</ymax>
    </bndbox>
  </object>
  <object>
    <name>Green Strawberry</name>
    <pose>Unspecified</pose>
    <truncated>0</truncated>
    <difficult>0</difficult>
    <bndbox>
      <xmin>193</xmin>
      <ymin>208</ymin>
      <xmax>257</xmax>
      <ymax>275</ymax>
    </bndbox>
  </object>
  <object>
    <name>Ripe Strawberry</name>
    <pose>Unspecified</pose>
    <truncated>0</truncated>
    <difficult>0</difficult>
    <bndbox>
      <xmin>275</xmin>
      <ymin>211</ymin>
      <xmax>341</xmax>
      <ymax>268</ymax>
    </bndbox>
  </object>
</annotation>
