<annotation>
<folder>images</folder>
  <filename>mixed_20.jpg</filename>
  <path>C:\Users\AustinYan\Documents\science project\Dataset_400_300\Dataset_400_300\mixed_20.jpg</path>
  <source>
    <database>Unknown</database>
  </source>
  <size>
    <width>400</width>
    <height>300</height>
    <depth>3</depth>
  </size>
  <segmented>0</segmented>
  <object>
    <name>Ripe Strawberry</name>
    <pose>Unspecified</pose>
    <truncated>0</truncated>
    <difficult>0</difficult>
    <bndbox>
      <xmin>176</xmin>
      <ymin>92</ymin>
      <xmax>217</xmax>
      <ymax>183</ymax>
    </bndbox>
  </object>
  <object>
    <name>Green Strawberry</name>
    <pose>Unspecified</pose>
    <truncated>0</truncated>
    <difficult>0</difficult>
    <bndbox>
      <xmin>226</xmin>
      <ymin>108</ymin>
      <xmax>258</xmax>
      <ymax>153</ymax>
    </bndbox>
  </object>
  <object>
    <name>Green Strawberry</name>
    <pose>Unspecified</pose>
    <truncated>0</truncated>
    <difficult>0</difficult>
    <bndbox>
      <xmin>237</xmin>
      <ymin>81</ymin>
      <xmax>278</xmax>
      <ymax>143</ymax>
    </bndbox>
  </object>
</annotation>
