<annotation>
<folder>images</folder>
  <filename>mixed_13.jpg</filename>
  <path>C:\Users\AustinYan\Documents\science project\Dataset_400_300\Dataset_400_300\mixed_13.jpg</path>
  <source>
    <database>Unknown</database>
  </source>
  <size>
    <width>400</width>
    <height>300</height>
    <depth>3</depth>
  </size>
  <segmented>0</segmented>
  <object>
    <name>Green Strawberry</name>
    <pose>Unspecified</pose>
    <truncated>0</truncated>
    <difficult>0</difficult>
    <bndbox>
      <xmin>28</xmin>
      <ymin>154</ymin>
      <xmax>122</xmax>
      <ymax>273</ymax>
    </bndbox>
  </object>
  <object>
    <name>Ripe Strawberry</name>
    <pose>Unspecified</pose>
    <truncated>0</truncated>
    <difficult>0</difficult>
    <bndbox>
      <xmin>107</xmin>
      <ymin>116</ymin>
      <xmax>210</xmax>
      <ymax>214</ymax>
    </bndbox>
  </object>
  <object>
    <name>Green Strawberry</name>
    <pose>Unspecified</pose>
    <truncated>0</truncated>
    <difficult>0</difficult>
    <bndbox>
      <xmin>208</xmin>
      <ymin>116</ymin>
      <xmax>271</xmax>
      <ymax>185</ymax>
    </bndbox>
  </object>
</annotation>
