<annotation>
<folder>images</folder>
	<filename>ripe_21.jpg</filename>
	<path>/Users/svetlio/Documents/Alex_8th_Science/Berry/Dataset_400_300/ripe_21.jpg</path>
	<source>
		<database>Unknown</database>
	</source>
	<size>
		<width>400</width>
		<height>300</height>
		<depth>3</depth>
	</size>
	<segmented>0</segmented>
	<object>
		<name>Ripe Strawberry</name>
		<pose>Unspecified</pose>
		<truncated>0</truncated>
		<difficult>0</difficult>
		<bndbox>
			<xmin>108</xmin>
			<ymin>103</ymin>
			<xmax>265</xmax>
			<ymax>266</ymax>
		</bndbox>
	</object>
	<object>
		<name>Ripe Strawberry</name>
		<pose>Unspecified</pose>
		<truncated>0</truncated>
		<difficult>0</difficult>
		<bndbox>
			<xmin>216</xmin>
			<ymin>30</ymin>
			<xmax>358</xmax>
			<ymax>200</ymax>
		</bndbox>
	</object>
	<object>
		<name>Ripe Strawberry</name>
		<pose>Unspecified</pose>
		<truncated>1</truncated>
		<difficult>0</difficult>
		<bndbox>
			<xmin>1</xmin>
			<ymin>73</ymin>
			<xmax>115</xmax>
			<ymax>215</ymax>
		</bndbox>
	</object>
	<object>
		<name>Ripe Strawberry</name>
		<pose>Unspecified</pose>
		<truncated>1</truncated>
		<difficult>0</difficult>
		<bndbox>
			<xmin>53</xmin>
			<ymin>1</ymin>
			<xmax>215</xmax>
			<ymax>133</ymax>
		</bndbox>
	</object>
	<object>
		<name>Ripe Strawberry</name>
		<pose>Unspecified</pose>
		<truncated>0</truncated>
		<difficult>0</difficult>
		<bndbox>
			<xmin>46</xmin>
			<ymin>177</ymin>
			<xmax>149</xmax>
			<ymax>282</ymax>
		</bndbox>
	</object>
</annotation>
