<annotation>
<folder>images</folder>
	<filename>ripe_83.jpg</filename>
	<path>/Users/svetlio/Documents/Alex_8th_Science/Berry/Dataset_400_300/ripe_83.jpg</path>
	<source>
		<database>Unknown</database>
	</source>
	<size>
		<width>400</width>
		<height>300</height>
		<depth>3</depth>
	</size>
	<segmented>0</segmented>
	<object>
		<name>Ripe Strawberry</name>
		<pose>Unspecified</pose>
		<truncated>0</truncated>
		<difficult>0</difficult>
		<bndbox>
			<xmin>102</xmin>
			<ymin>63</ymin>
			<xmax>192</xmax>
			<ymax>151</ymax>
		</bndbox>
	</object>
	<object>
		<name>Ripe Strawberry</name>
		<pose>Unspecified</pose>
		<truncated>1</truncated>
		<difficult>0</difficult>
		<bndbox>
			<xmin>1</xmin>
			<ymin>53</ymin>
			<xmax>53</xmax>
			<ymax>126</ymax>
		</bndbox>
	</object>
	<object>
		<name>Ripe Strawberry</name>
		<pose>Unspecified</pose>
		<truncated>0</truncated>
		<difficult>0</difficult>
		<bndbox>
			<xmin>261</xmin>
			<ymin>61</ymin>
			<xmax>321</xmax>
			<ymax>134</ymax>
		</bndbox>
	</object>
	<object>
		<name>Ripe Strawberry</name>
		<pose>Unspecified</pose>
		<truncated>0</truncated>
		<difficult>0</difficult>
		<bndbox>
			<xmin>283</xmin>
			<ymin>88</ymin>
			<xmax>334</xmax>
			<ymax>165</ymax>
		</bndbox>
	</object>
	<object>
		<name>Ripe Strawberry</name>
		<pose>Unspecified</pose>
		<truncated>0</truncated>
		<difficult>0</difficult>
		<bndbox>
			<xmin>348</xmin>
			<ymin>191</ymin>
			<xmax>399</xmax>
			<ymax>274</ymax>
		</bndbox>
	</object>
	<object>
		<name>Ripe Strawberry</name>
		<pose>Unspecified</pose>
		<truncated>0</truncated>
		<difficult>0</difficult>
		<bndbox>
			<xmin>209</xmin>
			<ymin>180</ymin>
			<xmax>267</xmax>
			<ymax>244</ymax>
		</bndbox>
	</object>
	<object>
		<name>Green Strawberry</name>
		<pose>Unspecified</pose>
		<truncated>0</truncated>
		<difficult>0</difficult>
		<bndbox>
			<xmin>142</xmin>
			<ymin>191</ymin>
			<xmax>174</xmax>
			<ymax>227</ymax>
		</bndbox>
	</object>
	<object>
		<name>Green Strawberry</name>
		<pose>Unspecified</pose>
		<truncated>1</truncated>
		<difficult>0</difficult>
		<bndbox>
			<xmin>378</xmin>
			<ymin>258</ymin>
			<xmax>400</xmax>
			<ymax>290</ymax>
		</bndbox>
	</object>
</annotation>
