<annotation>
<folder>images</folder>
	<filename>ripe_39.jpg</filename>
	<path>/Users/svetlio/Documents/Alex_8th_Science/Berry/Dataset_400_300/ripe_39.jpg</path>
	<source>
		<database>Unknown</database>
	</source>
	<size>
		<width>400</width>
		<height>300</height>
		<depth>3</depth>
	</size>
	<segmented>0</segmented>
	<object>
		<name>Ripe Strawberry</name>
		<pose>Unspecified</pose>
		<truncated>0</truncated>
		<difficult>0</difficult>
		<bndbox>
			<xmin>73</xmin>
			<ymin>124</ymin>
			<xmax>205</xmax>
			<ymax>277</ymax>
		</bndbox>
	</object>
	<object>
		<name>Ripe Strawberry</name>
		<pose>Unspecified</pose>
		<truncated>0</truncated>
		<difficult>0</difficult>
		<bndbox>
			<xmin>200</xmin>
			<ymin>121</ymin>
			<xmax>325</xmax>
			<ymax>242</ymax>
		</bndbox>
	</object>
	<object>
		<name>Ripe Strawberry</name>
		<pose>Unspecified</pose>
		<truncated>0</truncated>
		<difficult>0</difficult>
		<bndbox>
			<xmin>140</xmin>
			<ymin>54</ymin>
			<xmax>250</xmax>
			<ymax>157</ymax>
		</bndbox>
	</object>
</annotation>
