<annotation>
<folder>images</folder>
	<filename>ripe_23.jpg</filename>
	<path>/Users/svetlio/Documents/Alex_8th_Science/Berry/Dataset_400_300/ripe_23.jpg</path>
	<source>
		<database>Unknown</database>
	</source>
	<size>
		<width>400</width>
		<height>300</height>
		<depth>3</depth>
	</size>
	<segmented>0</segmented>
	<object>
		<name>Ripe Strawberry</name>
		<pose>Unspecified</pose>
		<truncated>0</truncated>
		<difficult>0</difficult>
		<bndbox>
			<xmin>190</xmin>
			<ymin>154</ymin>
			<xmax>297</xmax>
			<ymax>288</ymax>
		</bndbox>
	</object>
	<object>
		<name>Ripe Strawberry</name>
		<pose>Unspecified</pose>
		<truncated>0</truncated>
		<difficult>0</difficult>
		<bndbox>
			<xmin>268</xmin>
			<ymin>85</ymin>
			<xmax>369</xmax>
			<ymax>220</ymax>
		</bndbox>
	</object>
</annotation>
