<annotation>
<folder>images</folder>
  <filename>rotten_59.jpg</filename>
  <path>C:\Users\angela\ScienceFair\Dataset_400_300\rotten_59.jpg</path>
  <source>
    <database>Unknown</database>
  </source>
  <size>
    <width>400</width>
    <height>300</height>
    <depth>3</depth>
  </size>
  <segmented>0</segmented>
  <object>
    <name>Bad Strawberry</name>
    <pose>Unspecified</pose>
    <truncated>0</truncated>
    <difficult>0</difficult>
    <bndbox>
      <xmin>139</xmin>
      <ymin>94</ymin>
      <xmax>305</xmax>
      <ymax>239</ymax>
    </bndbox>
  </object>
  <object>
    <name>Bad Strawberry</name>
    <pose>Unspecified</pose>
    <truncated>0</truncated>
    <difficult>0</difficult>
    <bndbox>
      <xmin>47</xmin>
      <ymin>113</ymin>
      <xmax>218</xmax>
      <ymax>285</ymax>
    </bndbox>
  </object>
  <object>
    <name>Bad Strawberry</name>
    <pose>Unspecified</pose>
    <truncated>0</truncated>
    <difficult>0</difficult>
    <bndbox>
      <xmin>232</xmin>
      <ymin>215</ymin>
      <xmax>397</xmax>
      <ymax>299</ymax>
    </bndbox>
  </object>
</annotation>
