<annotation>
<folder>images</folder>
  <filename>rotten_77.jpg</filename>
  <path>C:\Users\angela\ScienceFair\Dataset_400_300\rotten_77.jpg</path>
  <source>
    <database>Unknown</database>
  </source>
  <size>
    <width>400</width>
    <height>300</height>
    <depth>3</depth>
  </size>
  <segmented>0</segmented>
  <object>
    <name>Bad Strawberry</name>
    <pose>Unspecified</pose>
    <truncated>0</truncated>
    <difficult>0</difficult>
    <bndbox>
      <xmin>149</xmin>
      <ymin>101</ymin>
      <xmax>323</xmax>
      <ymax>274</ymax>
    </bndbox>
  </object>
  <object>
    <name>Bad Strawberry</name>
    <pose>Unspecified</pose>
    <truncated>0</truncated>
    <difficult>0</difficult>
    <bndbox>
      <xmin>113</xmin>
      <ymin>1</ymin>
      <xmax>265</xmax>
      <ymax>101</ymax>
    </bndbox>
  </object>
  <object>
    <name>Bad Strawberry</name>
    <pose>Unspecified</pose>
    <truncated>0</truncated>
    <difficult>0</difficult>
    <bndbox>
      <xmin>250</xmin>
      <ymin>9</ymin>
      <xmax>367</xmax>
      <ymax>148</ymax>
    </bndbox>
  </object>
  <object>
    <name>Bad Strawberry</name>
    <pose>Unspecified</pose>
    <truncated>0</truncated>
    <difficult>0</difficult>
    <bndbox>
      <xmin>1</xmin>
      <ymin>108</ymin>
      <xmax>122</xmax>
      <ymax>240</ymax>
    </bndbox>
  </object>
  <object>
    <name>Bad Strawberry</name>
    <pose>Unspecified</pose>
    <truncated>0</truncated>
    <difficult>0</difficult>
    <bndbox>
      <xmin>330</xmin>
      <ymin>175</ymin>
      <xmax>400</xmax>
      <ymax>266</ymax>
    </bndbox>
  </object>
  <object>
    <name>Bad Strawberry</name>
    <pose>Unspecified</pose>
    <truncated>0</truncated>
    <difficult>0</difficult>
    <bndbox>
      <xmin>77</xmin>
      <ymin>194</ymin>
      <xmax>217</xmax>
      <ymax>296</ymax>
    </bndbox>
  </object>
</annotation>
