<annotation>
<folder>images</folder>
  <filename>rotten_68.jpg</filename>
  <path>C:\Users\angela\ScienceFair\Dataset_400_300\rotten_68.jpg</path>
  <source>
    <database>Unknown</database>
  </source>
  <size>
    <width>400</width>
    <height>300</height>
    <depth>3</depth>
  </size>
  <segmented>0</segmented>
  <object>
    <name>Bad Strawberry</name>
    <pose>Unspecified</pose>
    <truncated>0</truncated>
    <difficult>0</difficult>
    <bndbox>
      <xmin>62</xmin>
      <ymin>28</ymin>
      <xmax>176</xmax>
      <ymax>141</ymax>
    </bndbox>
  </object>
  <object>
    <name>Bad Strawberry</name>
    <pose>Unspecified</pose>
    <truncated>0</truncated>
    <difficult>0</difficult>
    <bndbox>
      <xmin>166</xmin>
      <ymin>50</ymin>
      <xmax>268</xmax>
      <ymax>173</ymax>
    </bndbox>
  </object>
  <object>
    <name>Bad Strawberry</name>
    <pose>Unspecified</pose>
    <truncated>0</truncated>
    <difficult>0</difficult>
    <bndbox>
      <xmin>85</xmin>
      <ymin>131</ymin>
      <xmax>220</xmax>
      <ymax>278</ymax>
    </bndbox>
  </object>
</annotation>
