<annotation>
<folder>images</folder>
  <filename>rotten_88.jpg</filename>
  <path>C:\Users\angela\ScienceFair\Dataset_400_300\rotten_88.jpg</path>
  <source>
    <database>Unknown</database>
  </source>
  <size>
    <width>400</width>
    <height>300</height>
    <depth>3</depth>
  </size>
  <segmented>0</segmented>
  <object>
    <name>Bad Strawberry</name>
    <pose>Unspecified</pose>
    <truncated>0</truncated>
    <difficult>0</difficult>
    <bndbox>
      <xmin>79</xmin>
      <ymin>122</ymin>
      <xmax>265</xmax>
      <ymax>276</ymax>
    </bndbox>
  </object>
  <object>
    <name>Bad Strawberry</name>
    <pose>Unspecified</pose>
    <truncated>0</truncated>
    <difficult>0</difficult>
    <bndbox>
      <xmin>199</xmin>
      <ymin>29</ymin>
      <xmax>379</xmax>
      <ymax>177</ymax>
    </bndbox>
  </object>
  <object>
    <name>Bad Strawberry</name>
    <pose>Unspecified</pose>
    <truncated>0</truncated>
    <difficult>0</difficult>
    <bndbox>
      <xmin>14</xmin>
      <ymin>4</ymin>
      <xmax>173</xmax>
      <ymax>150</ymax>
    </bndbox>
  </object>
</annotation>
