<annotation>
<folder>images</folder>
  <filename>rotten_96.jpg</filename>
  <path>C:\Users\angela\ScienceFair\Dataset_400_300\rotten_96.jpg</path>
  <source>
    <database>Unknown</database>
  </source>
  <size>
    <width>400</width>
    <height>300</height>
    <depth>3</depth>
  </size>
  <segmented>0</segmented>
  <object>
    <name>Bad Strawberry</name>
    <pose>Unspecified</pose>
    <truncated>0</truncated>
    <difficult>0</difficult>
    <bndbox>
      <xmin>80</xmin>
      <ymin>92</ymin>
      <xmax>172</xmax>
      <ymax>164</ymax>
    </bndbox>
  </object>
  <object>
    <name>Bad Strawberry</name>
    <pose>Unspecified</pose>
    <truncated>0</truncated>
    <difficult>0</difficult>
    <bndbox>
      <xmin>66</xmin>
      <ymin>28</ymin>
      <xmax>121</xmax>
      <ymax>85</ymax>
    </bndbox>
  </object>
  <object>
    <name>Bad Strawberry</name>
    <pose>Unspecified</pose>
    <truncated>0</truncated>
    <difficult>0</difficult>
    <bndbox>
      <xmin>189</xmin>
      <ymin>25</ymin>
      <xmax>233</xmax>
      <ymax>86</ymax>
    </bndbox>
  </object>
  <object>
    <name>Bad Strawberry</name>
    <pose>Unspecified</pose>
    <truncated>0</truncated>
    <difficult>0</difficult>
    <bndbox>
      <xmin>271</xmin>
      <ymin>151</ymin>
      <xmax>320</xmax>
      <ymax>197</ymax>
    </bndbox>
  </object>
  <object>
    <name>Bad Strawberry</name>
    <pose>Unspecified</pose>
    <truncated>0</truncated>
    <difficult>0</difficult>
    <bndbox>
      <xmin>123</xmin>
      <ymin>170</ymin>
      <xmax>182</xmax>
      <ymax>237</ymax>
    </bndbox>
  </object>
</annotation>
