<annotation>
<folder>images</folder>
  <filename>rotten_33.jpg</filename>
  <path>C:\Users\angela\ScienceFair\Dataset_400_300\rotten_33.jpg</path>
  <source>
    <database>Unknown</database>
  </source>
  <size>
    <width>400</width>
    <height>300</height>
    <depth>3</depth>
  </size>
  <segmented>0</segmented>
  <object>
    <name>Bad Strawberry</name>
    <pose>Unspecified</pose>
    <truncated>0</truncated>
    <difficult>0</difficult>
    <bndbox>
      <xmin>107</xmin>
      <ymin>60</ymin>
      <xmax>233</xmax>
      <ymax>203</ymax>
    </bndbox>
  </object>
  <object>
    <name>Bad Strawberry</name>
    <pose>Unspecified</pose>
    <truncated>0</truncated>
    <difficult>0</difficult>
    <bndbox>
      <xmin>237</xmin>
      <ymin>106</ymin>
      <xmax>394</xmax>
      <ymax>267</ymax>
    </bndbox>
  </object>
</annotation>
