<annotation>
<folder>images</folder>
  <filename>rotten_25.jpg</filename>
  <path>C:\Users\angela\ScienceFair\Dataset_400_300\rotten_25.jpg</path>
  <source>
    <database>Unknown</database>
  </source>
  <size>
    <width>400</width>
    <height>300</height>
    <depth>3</depth>
  </size>
  <segmented>0</segmented>
  <object>
    <name>Bad Strawberry</name>
    <pose>Unspecified</pose>
    <truncated>0</truncated>
    <difficult>0</difficult>
    <bndbox>
      <xmin>90</xmin>
      <ymin>23</ymin>
      <xmax>334</xmax>
      <ymax>288</ymax>
    </bndbox>
  </object>
</annotation>
