<annotation>
<folder>images</folder>
  <filename>rotten_73.jpg</filename>
  <path>C:\Users\angela\ScienceFair\Dataset_400_300\rotten_73.jpg</path>
  <source>
    <database>Unknown</database>
  </source>
  <size>
    <width>400</width>
    <height>300</height>
    <depth>3</depth>
  </size>
  <segmented>0</segmented>
  <object>
    <name>Bad Strawberry</name>
    <pose>Unspecified</pose>
    <truncated>0</truncated>
    <difficult>0</difficult>
    <bndbox>
      <xmin>14</xmin>
      <ymin>121</ymin>
      <xmax>229</xmax>
      <ymax>297</ymax>
    </bndbox>
  </object>
  <object>
    <name>Bad Strawberry</name>
    <pose>Unspecified</pose>
    <truncated>0</truncated>
    <difficult>0</difficult>
    <bndbox>
      <xmin>235</xmin>
      <ymin>129</ymin>
      <xmax>390</xmax>
      <ymax>284</ymax>
    </bndbox>
  </object>
  <object>
    <name>Bad Strawberry</name>
    <pose>Unspecified</pose>
    <truncated>0</truncated>
    <difficult>0</difficult>
    <bndbox>
      <xmin>122</xmin>
      <ymin>45</ymin>
      <xmax>327</xmax>
      <ymax>145</ymax>
    </bndbox>
  </object>
</annotation>
