<annotation>
<folder>images</folder>
  <filename>rotten_87.jpg</filename>
  <path>C:\Users\angela\ScienceFair\Dataset_400_300\rotten_87.jpg</path>
  <source>
    <database>Unknown</database>
  </source>
  <size>
    <width>400</width>
    <height>300</height>
    <depth>3</depth>
  </size>
  <segmented>0</segmented>
  <object>
    <name>Bad Strawberry</name>
    <pose>Unspecified</pose>
    <truncated>0</truncated>
    <difficult>0</difficult>
    <bndbox>
      <xmin>157</xmin>
      <ymin>122</ymin>
      <xmax>319</xmax>
      <ymax>276</ymax>
    </bndbox>
  </object>
  <object>
    <name>Bad Strawberry</name>
    <pose>Unspecified</pose>
    <truncated>0</truncated>
    <difficult>0</difficult>
    <bndbox>
      <xmin>271</xmin>
      <ymin>33</ymin>
      <xmax>396</xmax>
      <ymax>175</ymax>
    </bndbox>
  </object>
  <object>
    <name>Bad Strawberry</name>
    <pose>Unspecified</pose>
    <truncated>0</truncated>
    <difficult>0</difficult>
    <bndbox>
      <xmin>35</xmin>
      <ymin>132</ymin>
      <xmax>178</xmax>
      <ymax>286</ymax>
    </bndbox>
  </object>
</annotation>
