<annotation>
<folder>images</folder>
  <filename>rotten_13.jpg</filename>
  <path>C:\Users\angela\ScienceFair\Dataset_400_300\rotten_13.jpeg</path>
  <source>
    <database>Unknown</database>
  </source>
  <size>
    <width>400</width>
    <height>300</height>
    <depth>3</depth>
  </size>
  <segmented>0</segmented>
  <object>
    <name>Ripe Strawberry</name>
    <pose>Unspecified</pose>
    <truncated>0</truncated>
    <difficult>0</difficult>
    <bndbox>
      <xmin>79</xmin>
      <ymin>194</ymin>
      <xmax>172</xmax>
      <ymax>289</ymax>
    </bndbox>
  </object>
  <object>
    <name>Bad Strawberry</name>
    <pose>Unspecified</pose>
    <truncated>0</truncated>
    <difficult>0</difficult>
    <bndbox>
      <xmin>189</xmin>
      <ymin>181</ymin>
      <xmax>297</xmax>
      <ymax>265</ymax>
    </bndbox>
  </object>
</annotation>
