<annotation>
<folder>images</folder>
  <filename>rotten_3.jpg</filename>
  <path>C:\Users\angela\ScienceFair\Dataset_400_300\rotten_3.jpg</path>
  <source>
    <database>Unknown</database>
  </source>
  <size>
    <width>400</width>
    <height>300</height>
    <depth>3</depth>
  </size>
  <segmented>0</segmented>
  <object>
    <name>Bad Strawberry</name>
    <pose>Unspecified</pose>
    <truncated>0</truncated>
    <difficult>0</difficult>
    <bndbox>
      <xmin>102</xmin>
      <ymin>78</ymin>
      <xmax>261</xmax>
      <ymax>262</ymax>
    </bndbox>
  </object>
  <object>
    <name>Bad Strawberry</name>
    <pose>Unspecified</pose>
    <truncated>0</truncated>
    <difficult>0</difficult>
    <bndbox>
      <xmin>182</xmin>
      <ymin>17</ymin>
      <xmax>345</xmax>
      <ymax>204</ymax>
    </bndbox>
  </object>
</annotation>
