<annotation>
<folder>images</folder>
  <filename>rotten_104.jpg</filename>
  <path>C:\Users\angela\ScienceFair\Dataset_400_300\rotten_104.jpg</path>
  <source>
    <database>Unknown</database>
  </source>
  <size>
    <width>400</width>
    <height>300</height>
    <depth>3</depth>
  </size>
  <segmented>0</segmented>
  <object>
    <name>Bad Strawberry</name>
    <pose>Unspecified</pose>
    <truncated>0</truncated>
    <difficult>0</difficult>
    <bndbox>
      <xmin>22</xmin>
      <ymin>32</ymin>
      <xmax>308</xmax>
      <ymax>298</ymax>
    </bndbox>
  </object>
  <object>
    <name>Bad Strawberry</name>
    <pose>Unspecified</pose>
    <truncated>0</truncated>
    <difficult>0</difficult>
    <bndbox>
      <xmin>227</xmin>
      <ymin>28</ymin>
      <xmax>379</xmax>
      <ymax>184</ymax>
    </bndbox>
  </object>
</annotation>
