<annotation>
<folder>images</folder>
  <filename>rotten_99.jpg</filename>
  <path>C:\Users\angela\ScienceFair\Dataset_400_300\rotten_99.jpg</path>
  <source>
    <database>Unknown</database>
  </source>
  <size>
    <width>400</width>
    <height>300</height>
    <depth>3</depth>
  </size>
  <segmented>0</segmented>
  <object>
    <name>Bad Strawberry</name>
    <pose>Unspecified</pose>
    <truncated>0</truncated>
    <difficult>0</difficult>
    <bndbox>
      <xmin>45</xmin>
      <ymin>52</ymin>
      <xmax>220</xmax>
      <ymax>229</ymax>
    </bndbox>
  </object>
  <object>
    <name>Bad Strawberry</name>
    <pose>Unspecified</pose>
    <truncated>0</truncated>
    <difficult>0</difficult>
    <bndbox>
      <xmin>202</xmin>
      <ymin>55</ymin>
      <xmax>351</xmax>
      <ymax>218</ymax>
    </bndbox>
  </object>
</annotation>
