<annotation>
<folder>images</folder>
  <filename>rotten_52.jpg</filename>
  <path>C:\Users\angela\ScienceFair\Dataset_400_300\rotten_52.jpg</path>
  <source>
    <database>Unknown</database>
  </source>
  <size>
    <width>400</width>
    <height>300</height>
    <depth>3</depth>
  </size>
  <segmented>0</segmented>
  <object>
    <name>Bad Strawberry</name>
    <pose>Unspecified</pose>
    <truncated>0</truncated>
    <difficult>0</difficult>
    <bndbox>
      <xmin>11</xmin>
      <ymin>97</ymin>
      <xmax>181</xmax>
      <ymax>255</ymax>
    </bndbox>
  </object>
  <object>
    <name>Bad Strawberry</name>
    <pose>Unspecified</pose>
    <truncated>0</truncated>
    <difficult>0</difficult>
    <bndbox>
      <xmin>198</xmin>
      <ymin>81</ymin>
      <xmax>372</xmax>
      <ymax>267</ymax>
    </bndbox>
  </object>
</annotation>
