<annotation>
<folder>images</folder>
  <filename>rotten_64.jpg</filename>
  <path>C:\Users\angela\ScienceFair\Dataset_400_300\rotten_64.jpg</path>
  <source>
    <database>Unknown</database>
  </source>
  <size>
    <width>400</width>
    <height>300</height>
    <depth>3</depth>
  </size>
  <segmented>0</segmented>
  <object>
    <name>Bad Strawberry</name>
    <pose>Unspecified</pose>
    <truncated>0</truncated>
    <difficult>0</difficult>
    <bndbox>
      <xmin>16</xmin>
      <ymin>98</ymin>
      <xmax>202</xmax>
      <ymax>277</ymax>
    </bndbox>
  </object>
  <object>
    <name>Bad Strawberry</name>
    <pose>Unspecified</pose>
    <truncated>0</truncated>
    <difficult>0</difficult>
    <bndbox>
      <xmin>179</xmin>
      <ymin>94</ymin>
      <xmax>398</xmax>
      <ymax>230</ymax>
    </bndbox>
  </object>
  <object>
    <name>Bad Strawberry</name>
    <pose>Unspecified</pose>
    <truncated>0</truncated>
    <difficult>0</difficult>
    <bndbox>
      <xmin>127</xmin>
      <ymin>1</ymin>
      <xmax>349</xmax>
      <ymax>127</ymax>
    </bndbox>
  </object>
</annotation>
