<annotation>
<folder>images</folder>
  <filename>rotten_86.jpg</filename>
  <path>C:\Users\angela\ScienceFair\Dataset_400_300\rotten_86.jpg</path>
  <source>
    <database>Unknown</database>
  </source>
  <size>
    <width>400</width>
    <height>300</height>
    <depth>3</depth>
  </size>
  <segmented>0</segmented>
  <object>
    <name>Bad Strawberry</name>
    <pose>Unspecified</pose>
    <truncated>0</truncated>
    <difficult>0</difficult>
    <bndbox>
      <xmin>32</xmin>
      <ymin>35</ymin>
      <xmax>263</xmax>
      <ymax>298</ymax>
    </bndbox>
  </object>
  <object>
    <name>Bad Strawberry</name>
    <pose>Unspecified</pose>
    <truncated>0</truncated>
    <difficult>0</difficult>
    <bndbox>
      <xmin>262</xmin>
      <ymin>136</ymin>
      <xmax>396</xmax>
      <ymax>295</ymax>
    </bndbox>
  </object>
</annotation>
