<annotation>
<folder>images</folder>
  <filename>rotten_97.jpg</filename>
  <path>C:\Users\angela\ScienceFair\Dataset_400_300\rotten_97.jpg</path>
  <source>
    <database>Unknown</database>
  </source>
  <size>
    <width>400</width>
    <height>300</height>
    <depth>3</depth>
  </size>
  <segmented>0</segmented>
  <object>
    <name>Bad Strawberry</name>
    <pose>Unspecified</pose>
    <truncated>0</truncated>
    <difficult>0</difficult>
    <bndbox>
      <xmin>89</xmin>
      <ymin>105</ymin>
      <xmax>232</xmax>
      <ymax>233</ymax>
    </bndbox>
  </object>
  <object>
    <name>Bad Strawberry</name>
    <pose>Unspecified</pose>
    <truncated>0</truncated>
    <difficult>0</difficult>
    <bndbox>
      <xmin>162</xmin>
      <ymin>21</ymin>
      <xmax>302</xmax>
      <ymax>139</ymax>
    </bndbox>
  </object>
</annotation>
