<annotation>
<folder>images</folder>
  <filename>rotten_93.jpg</filename>
  <path>C:\Users\angela\ScienceFair\Dataset_400_300\rotten_93.jpg</path>
  <source>
    <database>Unknown</database>
  </source>
  <size>
    <width>400</width>
    <height>300</height>
    <depth>3</depth>
  </size>
  <segmented>0</segmented>
  <object>
    <name>Bad Strawberry</name>
    <pose>Unspecified</pose>
    <truncated>0</truncated>
    <difficult>0</difficult>
    <bndbox>
      <xmin>200</xmin>
      <ymin>91</ymin>
      <xmax>320</xmax>
      <ymax>200</ymax>
    </bndbox>
  </object>
  <object>
    <name>Bad Strawberry</name>
    <pose>Unspecified</pose>
    <truncated>0</truncated>
    <difficult>0</difficult>
    <bndbox>
      <xmin>64</xmin>
      <ymin>169</ymin>
      <xmax>145</xmax>
      <ymax>275</ymax>
    </bndbox>
  </object>
  <object>
    <name>Bad Strawberry</name>
    <pose>Unspecified</pose>
    <truncated>0</truncated>
    <difficult>0</difficult>
    <bndbox>
      <xmin>162</xmin>
      <ymin>219</ymin>
      <xmax>226</xmax>
      <ymax>295</ymax>
    </bndbox>
  </object>
  <object>
    <name>Bad Strawberry</name>
    <pose>Unspecified</pose>
    <truncated>0</truncated>
    <difficult>0</difficult>
    <bndbox>
      <xmin>210</xmin>
      <ymin>189</ymin>
      <xmax>287</xmax>
      <ymax>271</ymax>
    </bndbox>
  </object>
  <object>
    <name>Bad Strawberry</name>
    <pose>Unspecified</pose>
    <truncated>0</truncated>
    <difficult>0</difficult>
    <bndbox>
      <xmin>136</xmin>
      <ymin>149</ymin>
      <xmax>220</xmax>
      <ymax>229</ymax>
    </bndbox>
  </object>
  <object>
    <name>Bad Strawberry</name>
    <pose>Unspecified</pose>
    <truncated>0</truncated>
    <difficult>0</difficult>
    <bndbox>
      <xmin>104</xmin>
      <ymin>16</ymin>
      <xmax>209</xmax>
      <ymax>108</ymax>
    </bndbox>
  </object>
  <object>
    <name>Bad Strawberry</name>
    <pose>Unspecified</pose>
    <truncated>0</truncated>
    <difficult>0</difficult>
    <bndbox>
      <xmin>236</xmin>
      <ymin>29</ymin>
      <xmax>304</xmax>
      <ymax>108</ymax>
    </bndbox>
  </object>
  <object>
    <name>Bad Strawberry</name>
    <pose>Unspecified</pose>
    <truncated>0</truncated>
    <difficult>0</difficult>
    <bndbox>
      <xmin>82</xmin>
      <ymin>87</ymin>
      <xmax>162</xmax>
      <ymax>191</ymax>
    </bndbox>
  </object>
  <object>
    <name>Bad Strawberry</name>
    <pose>Unspecified</pose>
    <truncated>0</truncated>
    <difficult>0</difficult>
    <bndbox>
      <xmin>289</xmin>
      <ymin>173</ymin>
      <xmax>356</xmax>
      <ymax>233</ymax>
    </bndbox>
  </object>
</annotation>
