<annotation>
<folder>images</folder>
  <filename>rotten_12.jpg</filename>
  <path>C:\Users\angela\ScienceFair\Dataset_400_300\rotten_12.jpg</path>
  <source>
    <database>Unknown</database>
  </source>
  <size>
    <width>400</width>
    <height>300</height>
    <depth>3</depth>
  </size>
  <segmented>0</segmented>
  <object>
    <name>Bad Strawberry</name>
    <pose>Unspecified</pose>
    <truncated>0</truncated>
    <difficult>0</difficult>
    <bndbox>
      <xmin>195</xmin>
      <ymin>123</ymin>
      <xmax>400</xmax>
      <ymax>291</ymax>
    </bndbox>
  </object>
  <object>
    <name>Bad Strawberry</name>
    <pose>Unspecified</pose>
    <truncated>0</truncated>
    <difficult>0</difficult>
    <bndbox>
      <xmin>1</xmin>
      <ymin>86</ymin>
      <xmax>77</xmax>
      <ymax>176</ymax>
    </bndbox>
  </object>
  <object>
    <name>Bad Strawberry</name>
    <pose>Unspecified</pose>
    <truncated>0</truncated>
    <difficult>0</difficult>
    <bndbox>
      <xmin>72</xmin>
      <ymin>26</ymin>
      <xmax>208</xmax>
      <ymax>188</ymax>
    </bndbox>
  </object>
</annotation>
