<annotation>
<folder>images</folder>
  <filename>rotten_91.jpg</filename>
  <path>C:\Users\angela\ScienceFair\Dataset_400_300\rotten_91.jpg</path>
  <source>
    <database>Unknown</database>
  </source>
  <size>
    <width>400</width>
    <height>300</height>
    <depth>3</depth>
  </size>
  <segmented>0</segmented>
  <object>
    <name>Bad Strawberry</name>
    <pose>Unspecified</pose>
    <truncated>0</truncated>
    <difficult>0</difficult>
    <bndbox>
      <xmin>1</xmin>
      <ymin>58</ymin>
      <xmax>202</xmax>
      <ymax>260</ymax>
    </bndbox>
  </object>
  <object>
    <name>Bad Strawberry</name>
    <pose>Unspecified</pose>
    <truncated>0</truncated>
    <difficult>0</difficult>
    <bndbox>
      <xmin>297</xmin>
      <ymin>2</ymin>
      <xmax>397</xmax>
      <ymax>124</ymax>
    </bndbox>
  </object>
</annotation>
