<annotation>
<folder>images</folder>
  <filename>rotten_30.jpg</filename>
  <path>C:\Users\angela\ScienceFair\Dataset_400_300\rotten_30.jpg</path>
  <source>
    <database>Unknown</database>
  </source>
  <size>
    <width>400</width>
    <height>300</height>
    <depth>3</depth>
  </size>
  <segmented>0</segmented>
  <object>
    <name>Bad Strawberry</name>
    <pose>Unspecified</pose>
    <truncated>0</truncated>
    <difficult>0</difficult>
    <bndbox>
      <xmin>227</xmin>
      <ymin>129</ymin>
      <xmax>351</xmax>
      <ymax>255</ymax>
    </bndbox>
  </object>
  <object>
    <name>Bad Strawberry</name>
    <pose>Unspecified</pose>
    <truncated>0</truncated>
    <difficult>0</difficult>
    <bndbox>
      <xmin>105</xmin>
      <ymin>85</ymin>
      <xmax>222</xmax>
      <ymax>217</ymax>
    </bndbox>
  </object>
</annotation>
