<annotation>
<folder>images</folder>
  <filename>rotten_2.jpg</filename>
  <path>C:\Users\angela\ScienceFair\Dataset_400_300\rotten_2.jpg</path>
  <source>
    <database>Unknown</database>
  </source>
  <size>
    <width>400</width>
    <height>300</height>
    <depth>3</depth>
  </size>
  <segmented>0</segmented>
  <object>
    <name>Bad Strawberry</name>
    <pose>Unspecified</pose>
    <truncated>0</truncated>
    <difficult>0</difficult>
    <bndbox>
      <xmin>112</xmin>
      <ymin>131</ymin>
      <xmax>250</xmax>
      <ymax>228</ymax>
    </bndbox>
  </object>
  <object>
    <name>Bad Strawberry</name>
    <pose>Unspecified</pose>
    <truncated>0</truncated>
    <difficult>0</difficult>
    <bndbox>
      <xmin>2</xmin>
      <ymin>88</ymin>
      <xmax>111</xmax>
      <ymax>208</ymax>
    </bndbox>
  </object>
  <object>
    <name>Bad Strawberry</name>
    <pose>Unspecified</pose>
    <truncated>0</truncated>
    <difficult>0</difficult>
    <bndbox>
      <xmin>237</xmin>
      <ymin>80</ymin>
      <xmax>335</xmax>
      <ymax>198</ymax>
    </bndbox>
  </object>
</annotation>
