<annotation>
<folder>images</folder>
  <filename>rotten_42.jpg</filename>
  <path>C:\Users\angela\ScienceFair\Dataset_400_300\rotten_42.jpg</path>
  <source>
    <database>Unknown</database>
  </source>
  <size>
    <width>400</width>
    <height>300</height>
    <depth>3</depth>
  </size>
  <segmented>0</segmented>
  <object>
    <name>Bad Strawberry</name>
    <pose>Unspecified</pose>
    <truncated>0</truncated>
    <difficult>0</difficult>
    <bndbox>
      <xmin>91</xmin>
      <ymin>75</ymin>
      <xmax>255</xmax>
      <ymax>258</ymax>
    </bndbox>
  </object>
  <object>
    <name>Bad Strawberry</name>
    <pose>Unspecified</pose>
    <truncated>0</truncated>
    <difficult>0</difficult>
    <bndbox>
      <xmin>181</xmin>
      <ymin>22</ymin>
      <xmax>361</xmax>
      <ymax>198</ymax>
    </bndbox>
  </object>
</annotation>
