<annotation>
<folder>images</folder>
  <filename>rotten_72.jpg</filename>
  <path>C:\Users\angela\ScienceFair\Dataset_400_300\rotten_72.jpg</path>
  <source>
    <database>Unknown</database>
  </source>
  <size>
    <width>400</width>
    <height>300</height>
    <depth>3</depth>
  </size>
  <segmented>0</segmented>
  <object>
    <name>Bad Strawberry</name>
    <pose>Unspecified</pose>
    <truncated>0</truncated>
    <difficult>0</difficult>
    <bndbox>
      <xmin>142</xmin>
      <ymin>119</ymin>
      <xmax>315</xmax>
      <ymax>297</ymax>
    </bndbox>
  </object>
  <object>
    <name>Bad Strawberry</name>
    <pose>Unspecified</pose>
    <truncated>0</truncated>
    <difficult>0</difficult>
    <bndbox>
      <xmin>327</xmin>
      <ymin>155</ymin>
      <xmax>397</xmax>
      <ymax>296</ymax>
    </bndbox>
  </object>
  <object>
    <name>Bad Strawberry</name>
    <pose>Unspecified</pose>
    <truncated>0</truncated>
    <difficult>0</difficult>
    <bndbox>
      <xmin>2</xmin>
      <ymin>109</ymin>
      <xmax>143</xmax>
      <ymax>269</ymax>
    </bndbox>
  </object>
</annotation>
