<annotation>
<folder>images</folder>
  <filename>rotten_90.jpg</filename>
  <path>C:\Users\angela\ScienceFair\Dataset_400_300\rotten_90.jpg</path>
  <source>
    <database>Unknown</database>
  </source>
  <size>
    <width>400</width>
    <height>300</height>
    <depth>3</depth>
  </size>
  <segmented>0</segmented>
  <object>
    <name>Bad Strawberry</name>
    <pose>Unspecified</pose>
    <truncated>0</truncated>
    <difficult>0</difficult>
    <bndbox>
      <xmin>1</xmin>
      <ymin>102</ymin>
      <xmax>224</xmax>
      <ymax>294</ymax>
    </bndbox>
  </object>
  <object>
    <name>Bad Strawberry</name>
    <pose>Unspecified</pose>
    <truncated>0</truncated>
    <difficult>0</difficult>
    <bndbox>
      <xmin>4</xmin>
      <ymin>11</ymin>
      <xmax>254</xmax>
      <ymax>185</ymax>
    </bndbox>
  </object>
  <object>
    <name>Bad Strawberry</name>
    <pose>Unspecified</pose>
    <truncated>0</truncated>
    <difficult>0</difficult>
    <bndbox>
      <xmin>226</xmin>
      <ymin>112</ymin>
      <xmax>397</xmax>
      <ymax>298</ymax>
    </bndbox>
  </object>
</annotation>
