<annotation>
<folder>images</folder>
  <filename>rotten_95.jpg</filename>
  <path>C:\Users\angela\ScienceFair\Dataset_400_300\rotten_95.jpg</path>
  <source>
    <database>Unknown</database>
  </source>
  <size>
    <width>400</width>
    <height>300</height>
    <depth>3</depth>
  </size>
  <segmented>0</segmented>
  <object>
    <name>Bad Strawberry</name>
    <pose>Unspecified</pose>
    <truncated>0</truncated>
    <difficult>0</difficult>
    <bndbox>
      <xmin>159</xmin>
      <ymin>140</ymin>
      <xmax>286</xmax>
      <ymax>280</ymax>
    </bndbox>
  </object>
  <object>
    <name>Bad Strawberry</name>
    <pose>Unspecified</pose>
    <truncated>0</truncated>
    <difficult>0</difficult>
    <bndbox>
      <xmin>97</xmin>
      <ymin>2</ymin>
      <xmax>223</xmax>
      <ymax>144</ymax>
    </bndbox>
  </object>
</annotation>
