<annotation>
<folder>images</folder>
  <filename>rotten_61.jpg</filename>
  <path>C:\Users\angela\ScienceFair\Dataset_400_300\rotten_61.jpg</path>
  <source>
    <database>Unknown</database>
  </source>
  <size>
    <width>400</width>
    <height>300</height>
    <depth>3</depth>
  </size>
  <segmented>0</segmented>
  <object>
    <name>Bad Strawberry</name>
    <pose>Unspecified</pose>
    <truncated>0</truncated>
    <difficult>0</difficult>
    <bndbox>
      <xmin>243</xmin>
      <ymin>58</ymin>
      <xmax>373</xmax>
      <ymax>183</ymax>
    </bndbox>
  </object>
  <object>
    <name>Bad Strawberry</name>
    <pose>Unspecified</pose>
    <truncated>0</truncated>
    <difficult>0</difficult>
    <bndbox>
      <xmin>100</xmin>
      <ymin>91</ymin>
      <xmax>207</xmax>
      <ymax>208</ymax>
    </bndbox>
  </object>
  <object>
    <name>Bad Strawberry</name>
    <pose>Unspecified</pose>
    <truncated>0</truncated>
    <difficult>0</difficult>
    <bndbox>
      <xmin>2</xmin>
      <ymin>139</ymin>
      <xmax>121</xmax>
      <ymax>280</ymax>
    </bndbox>
  </object>
</annotation>
