<annotation>
<folder>images</folder>
  <filename>rotten_28.jpg</filename>
  <path>C:\Users\angela\ScienceFair\Dataset_400_300\rotten_28.jpg</path>
  <source>
    <database>Unknown</database>
  </source>
  <size>
    <width>400</width>
    <height>300</height>
    <depth>3</depth>
  </size>
  <segmented>0</segmented>
  <object>
    <name>Bad Strawberry</name>
    <pose>Unspecified</pose>
    <truncated>0</truncated>
    <difficult>0</difficult>
    <bndbox>
      <xmin>107</xmin>
      <ymin>87</ymin>
      <xmax>295</xmax>
      <ymax>270</ymax>
    </bndbox>
  </object>
  <object>
    <name>Ripe Strawberry</name>
    <pose>Unspecified</pose>
    <truncated>0</truncated>
    <difficult>0</difficult>
    <bndbox>
      <xmin>79</xmin>
      <ymin>45</ymin>
      <xmax>176</xmax>
      <ymax>154</ymax>
    </bndbox>
  </object>
</annotation>
